{"cameraMode":{"drawMode":0,"name":"Shaded","section":"Shading Mode"},"sceneLighting":true,"audioPlay":false,"sceneViewState":{"showFog":true,"showMaterialUpdate":false,"showSkybox":true,"showFlares":true,"showImageEffects":true,"showParticleSystems":true},"in2DMode":false,"pivot":{"x":0.9108878374099731,"y":1.0528686046600342,"z":2.094156503677368},"rotation":{"x":-0.09315060824155808,"y":0.7152312397956848,"z":-0.09714744985103607,"w":-0.6858057975769043},"size":7.527848243713379,"orthographic":true}