{"cameraMode":{"drawMode":0,"name":"Shaded","section":"Shading Mode"},"sceneLighting":false,"audioPlay":false,"sceneViewState":{"showFog":true,"showMaterialUpdate":false,"showSkybox":true,"showFlares":true,"showImageEffects":true,"showParticleSystems":true},"in2DMode":false,"pivot":{"x":2.1267647743225099,"y":-11.536628723144532,"z":7.94354772567749},"rotation":{"x":-0.20609551668167115,"y":0.5879363417625427,"z":-0.15817050635814668,"w":-0.766053318977356},"size":40.132137298583987,"orthographic":false}